# time, position (1), position (2), position (3), velocity (1), velocity (2), velocity (3), acceleration (1), acceleration (2), acceleration (3), attitude (1), attitude (2), attitude (3), angle_rates (1), angle_rates (2), angle_rates (3)
0.000000000000000000e+00,0.000000000000000000e+00,0.000000000000000000e+00,1.000000000000000000e+03,1.094143234617812226e+02,6.699695050417173004e-15,0.000000000000000000e+00,-3.121536579333843335e-07,-3.923761104933686277e-26,-9.759302067488516030e+00,8.999999999999998579e+01,-1.828857429348489707e-06,0.000000000000000000e+00,2.558332872076199750e-19,-5.214427191199898573e-03,-8.166092022143977262e-27
9.950000000000000000e+02,0.000000000000000000e+00,9.778178549660464514e-01,1.000000034764409065e+03,1.094143234681297798e+02,6.699695050805909458e-15,0.000000000000000000e+00,-1.190447541259249306e-06,-5.308714776576210742e-23,-9.759359980491550957e+00,8.999999999999998579e+01,-1.899037132233923569e-06,0.000000000000000000e+00,2.558332872076199750e-19,-5.184100477555622297e-03,-8.479453743321627526e-27
1.995000000000000000e+03,0.000000000000000000e+00,1.960549367494738293e+00,1.000000068603083491e+03,1.094143234779767653e+02,6.699695051408863458e-15,4.235164736271501695e-22,-5.239207212374591923e-06,-3.013569420485902723e-22,-9.759359034619890849e+00,8.999999999999998579e+01,-1.865022972305215658e-06,0.000000000000000000e+00,2.558332872076199750e-19,-5.184595736246635882e-03,-8.327575988622779989e-27
2.995000000000000000e+03,0.000000000000000000e+00,2.943280880023479096e+00,1.000000100342556834e+03,1.094143234841465215e+02,6.699695051786651312e-15,-8.470329472543003391e-22,-2.798358408578187305e-06,-1.502960648585908709e-22,-9.759415895981149447e+00,8.999999999999998579e+01,-2.018607675064551142e-06,0.000000000000000000e+00,2.558332872076199750e-19,-5.154819728915753865e-03,-9.013352143614346800e-27
3.995000000000000000e+03,0.000000000000000000e+00,3.926012392555549013e+00,1.000000128800980747e+03,1.094143234360918058e+02,6.699695048844149649e-15,-4.235164736271501695e-22,4.168229161270971316e-06,2.747143407301998751e-22,-9.759356064417477938e+00,8.999999999999998579e+01,-1.868085954331828156e-06,0.000000000000000000e+00,2.558332872076199750e-19,-5.186151014995534284e-03,-8.341252611354604399e-27
4.995000000000640284e+03,0.000000000000000000e+00,4.908743905089150594e+00,1.000000152842141688e+03,1.094143234753486666e+02,6.699695051247938989e-15,3.255496245066169620e-35,4.095893392783554386e-06,2.716945259266141483e-22,-9.759528850470628569e+00,8.999999999999998579e+01,-2.003188503199473773e-06,0.000000000000000000e+00,2.558332872076199750e-19,-5.095670025789750604e-03,-8.944503487434335173e-27
5.995000000004278263e+03,0.000000000000000000e+00,5.891475417632649147e+00,1.000000171516090631e+03,1.094143234871951478e+02,6.699695051973325779e-15,0.000000000000000000e+00,-1.055099656066086409e-05,-6.244562305931592779e-22,-9.759466056188660588e+00,8.999999999999998579e+01,-2.071522438615884710e-06,-1.895758319773387158e-22,2.558332872076199750e-19,-5.128552776993123251e-03,-9.249623611010311839e-27
6.995000000007916242e+03,0.000000000000000000e+00,6.874206930185941644e+00,1.000000183719210327e+03,1.094143234922443071e+02,6.699695052282497723e-15,0.000000000000000000e+00,-8.048746491676537809e-06,-4.717377347408989375e-22,-9.759521324879193216e+00,8.999999999999998579e+01,-2.023559774702526132e-06,0.000000000000000000e+00,2.558332872076199750e-19,-5.099610817469543526e-03,-9.035463928107539904e-27
7.995000000011554221e+03,0.000000000000000000e+00,7.856938442750608154e+00,1.000000188209116459e+03,1.094143234693541586e+02,6.699695050880881221e-15,4.235164736165490443e-22,-5.178191666707408754e-06,-2.971193113908938258e-22,-9.759400161380684224e+00,8.999999999999998579e+01,-1.913098813565057989e-06,0.000000000000000000e+00,2.558332872076199750e-19,-5.163059151149188876e-03,-8.542241023452595085e-27
8.995000000015192199e+03,0.000000000000000000e+00,8.839669955302106530e+00,1.000000183829106390e+03,1.094143234554972537e+02,6.699695050032389531e-15,1.832786130180852696e-32,1.795496893700280316e-06,1.313386614458374811e-22,-9.759453398750643771e+00,8.999999999999998579e+01,-2.051410770040717573e-06,0.000000000000000000e+00,2.558332872076199750e-19,-5.135180938880173733e-03,-9.159822331988696367e-27
9.995000000018830178e+03,0.000000000000000000e+00,9.822401467918018270e+00,1.000000170595943928e+03,1.094143234662720658e+02,6.699695050692157293e-15,-4.235164735989936474e-22,3.429582855003309014e-05,2.119039412432125935e-21,-9.759276462896236737e+00,8.999999999999998579e+01,-1.824156310970958055e-06,1.895758319773387158e-22,2.558332872076199750e-19,-5.227834985293430825e-03,-8.145100902408856847e-27
1.099500000002246816e+04,0.000000000000000000e+00,1.080513298053681837e+01,1.000000146404840052e+03,1.094143233887886595e+02,6.699695045947666186e-15,4.235164735870630380e-22,2.915308325755131528e-05,1.805459119283080537e-21,-9.759328857645341415e+00,8.999999999999998579e+01,-1.950901415213612369e-06,0.000000000000000000e+00,2.558332872076199750e-19,-5.200398056853107465e-03,-8.711034675043314013e-27
1.199500000002610614e+04,0.000000000000000000e+00,1.178786449318482354e+01,1.000000110730528831e+03,1.094143234713923505e+02,6.699695051005683749e-15,-8.470329471460611014e-22,2.459603011910905989e-05,1.527073697309307434e-21,-9.759440424684681759e+00,8.999999999999998579e+01,-2.013545149534657420e-06,-1.895758319773387158e-22,2.558332872076199750e-19,-5.141975039406796420e-03,-8.990747292805229307e-27
1.299500000002974411e+04,0.000000000000000000e+00,1.277059600580694543e+01,1.000000106016173959e+03,1.094143233939830111e+02,6.699695046265729381e-15,-4.235164735568960914e-22,-3.220893767092465390e-06,-1.782514607590875092e-22,-9.759308074278667533e+00,8.999999999999998579e+01,-1.818955861291533015e-06,0.000000000000000000e+00,2.558332872076199750e-19,-5.211281516928649091e-03,-8.121880201900865932e-27
1.399500000003338209e+04,0.000000000000000000e+00,1.375332751814541332e+01,1.000000216350890696e+03,1.094143233955416008e+02,6.699695046361165773e-15,-3.534496129947151130e-27,1.678181955677365977e-05,1.046627882253244420e-21,-9.759364639642024386e+00,8.999999999999998579e+01,-1.825312428172330862e-06,0.000000000000000000e+00,2.558332872076199750e-19,-5.181660384227603985e-03,-8.150263119705453431e-27
1.499500000003702007e+04,0.000000000000000000e+00,1.473605903045227450e+01,1.000000309833325446e+03,1.094143234424241626e+02,6.699695049231894505e-15,-4.235164735183214449e-22,2.075921375004059524e-05,1.290927768901495190e-21,-9.759417592411136155e+00,8.999999999999998579e+01,-1.897663501523851240e-06,0.000000000000000000e+00,2.558332872076199750e-19,-5.153931042482528396e-03,-8.473320299236327437e-27
1.599500000004065805e+04,0.000000000000000000e+00,1.571879054290105593e+01,1.000000390408560634e+03,1.094143234407114420e+02,6.699695049127020970e-15,0.000000000000000000e+00,2.245285026963971688e-07,3.277645895953372514e-23,-9.759282298919732312e+00,8.999999999999998579e+01,-1.824392407296136419e-06,0.000000000000000000e+00,2.558332872076199750e-19,-5.224778548159930008e-03,-8.146155103948331009e-27
1.699500000003318200e+04,0.000000000000000000e+00,1.670152205527558920e+01,1.000000451028347015e+03,1.094143233839003528e+02,6.699695045648344749e-15,0.000000000000000000e+00,1.927598646236683387e-05,1.199557786680485956e-21,-9.759342322777110112e+00,8.999999999999998579e+01,-1.845089276677014358e-06,0.000000000000000000e+00,2.558332872076199750e-19,-5.193346429822434315e-03,-8.238569382515005606e-27
1.799500000001863009e+04,0.000000000000000000e+00,1.768425356779479429e+01,1.000000497494824231e+03,1.094143235246903458e+02,6.699695054269244702e-15,0.000000000000000000e+00,3.265709905451534799e-06,2.211446400082063701e-22,-9.759449437452174081e+00,8.999999999999998579e+01,-2.030452390953908773e-06,0.000000000000000000e+00,2.558332872076199750e-19,-5.137254795036727377e-03,-9.066240377752479222e-27
1.899500000000407817e+04,0.000000000000000000e+00,1.866698508041258009e+01,1.000000527411699295e+03,1.094143233998030240e+02,6.699695046622102028e-15,4.235164736258294781e-22,-2.569137861488990120e-06,-1.367932171963704071e-22,-9.759560060031210682e+00,8.999999999999998579e+01,-1.967488917504492122e-06,0.000000000000000000e+00,2.558332872076199750e-19,-5.079326264241508342e-03,-8.785100082193778473e-27
1.999500000311225449e+04,0.000000000000000000e+00,1.964971659598434783e+01,1.000000531348399818e+03,1.094143234520112742e+02,6.699695049818934814e-15,-4.235164736271501695e-22,1.128252321537715329e-05,7.111054466440776382e-22,-9.759431016275252446e+00,8.999999999999998579e+01,-1.941471021962796707e-06,0.000000000000000000e+00,2.558332872076199750e-19,-5.146901158674000755e-03,-8.668926713069153595e-27
2.099500000331598130e+04,0.000000000000000000e+00,2.063244810888215497e+01,1.000000519641675055e+03,1.094143237164409044e+02,6.699695066010580206e-15,0.000000000000000000e+00,-1.137023804031641721e-04,-6.940925560823758722e-21,-9.759434734145459700e+00,8.999999999999998579e+01,-2.045764162363498875e-06,0.000000000000000000e+00,2.558332872076199750e-19,-5.144954263816448048e-03,-9.134609476593218409e-27
2.199500000351970812e+04,0.000000000000000000e+00,2.161517962194353260e+01,1.000000491173937917e+03,1.094143235358646109e+02,6.699695054953471096e-15,0.000000000000000000e+00,2.058001194816636663e-05,1.281405716459359979e-21,-9.759411166245175906e+00,8.999999999999998579e+01,-2.036629581733791586e-06,0.000000000000000000e+00,2.558332872076199750e-19,-5.157295860159309339e-03,-9.093822357373948030e-27
2.299500000372343493e+04,0.000000000000000000e+00,2.259791113438365073e+01,1.000000567421317101e+03,1.094143234146909833e+02,6.699695047533727834e-15,4.235164736271501695e-22,2.133705923758259484e-05,1.325164813088846059e-21,-9.759335638936676105e+00,8.999999999999998579e+01,-1.787823362627563849e-06,1.895758319773386923e-22,2.558332872076200231e-19,-5.196846291240880995e-03,-7.982869448580519885e-27
2.399500000392716174e+04,0.000000000000000000e+00,2.358064264692442791e+01,1.000000654736533761e+03,1.094143237877951265e+02,6.699695070379766005e-15,1.223896818531584033e-27,-1.451871082916651495e-04,-8.868253999837286507e-21,-9.759503113496254656e+00,8.999999999999998579e+01,-2.098973256081823925e-06,0.000000000000000000e+00,2.558332872076199750e-19,-5.109146587785350947e-03,-9.372195167388981006e-27
2.499500000413088856e+04,0.000000000000000000e+00,2.456337415963963622e+01,1.000000722702592611e+03,1.094143233634425627e+02,6.699695044395665974e-15,-1.354127101986331068e-27,3.962515161464144251e-05,2.446815490311844270e-21,-9.759443404901000818e+00,8.999999999999998579e+01,-1.963066561541371825e-06,1.895758319773387158e-22,2.558332872076199750e-19,-5.140413442372033896e-03,-8.765353673769598329e-27
2.599500000433461537e+04,0.000000000000000000e+00,2.554610567224846562e+01,1.000000756149180233e+03,1.094143233973258589e+02,6.699695046470419853e-15,0.000000000000000000e+00,1.747837692241359703e-05,1.089819308675355785e-21,-9.759354191789174848e+00,8.999999999999998579e+01,-1.877048578289062083e-06,0.000000000000000000e+00,2.558332872076199750e-19,-5.187130622342800423e-03,-8.381271921127001577e-27
2.699500000453834218e+04,0.000000000000000000e+00,2.652883718509830047e+01,1.000000771448947489e+03,1.094143233462158804e+02,6.699695043340835882e-15,-4.235148393058732601e-22,7.652946896154022669e-05,4.705233808527671205e-21,-9.759302701440638828e+00,8.999999999999998579e+01,-1.836593492967975724e-06,0.000000000000000000e+00,2.558332872076199750e-19,-5.214093976796089699e-03,-8.200634576632978107e-27
2.799500000474206900e+04,0.000000000000000000e+00,2.751156869809554451e+01,1.000000763728283346e+03,1.094143235124615501e+02,6.699695053520447675e-15,-3.568567651086340322e-27,5.028097106296312946e-06,3.283826711427836946e-22,-9.759380673124576688e+00,8.999999999999998579e+01,-1.965587013758731117e-06,0.000000000000000000e+00,2.558332872076199750e-19,-5.173263414887134190e-03,-8.776607828639233833e-27
2.899500000494579581e+04,0.000000000000000000e+00,2.849430021087771081e+01,1.000000761842355132e+03,1.094143233388927996e+02,6.699695042892427622e-15,-4.235145328046972170e-22,4.206053974265662275e-05,2.592486384913306228e-21,-9.759250962518743577e+00,8.999999999999998579e+01,-1.631975099339342352e-06,0.000000000000000000e+00,2.558332872076200231e-19,-5.241187538929758909e-03,-7.286986194325806874e-27
2.999500000514952262e+04,0.000000000000000000e+00,2.947703172337751454e+01,1.000000858062878251e+03,1.094143235098631664e+02,6.699695053361342319e-15,0.000000000000000000e+00,-3.775269374221268382e-05,-2.291208548604665479e-21,-9.759454677362585429e+00,8.999999999999998579e+01,-1.963303520762037395e-06,0.000000000000000000e+00,2.558332872076199750e-19,-5.134510289512372525e-03,-8.766411728252356093e-27
3.099500000535324943e+04,0.000000000000000000e+00,3.045976323562457821e+01,1.000000900971703231e+03,1.094143232379942532e+02,6.699695036714171564e-15,-4.235119263766334846e-22,4.817378266258207710e-05,2.970198683042636646e-21,-9.759418841233188147e+00,8.999999999999998579e+01,-1.956346390827842727e-06,0.000000000000000000e+00,2.558332872076199750e-19,-5.153276146836803170e-03,-8.735347216420569706e-27
3.199500000555697625e+04,0.000000000000000000e+00,3.144249474809653222e+01,1.000000919464044273e+03,1.094143234999034036e+02,6.699695052751483420e-15,-4.235140237390567036e-22,5.626999124098910870e-06,3.642385400579849459e-22,-9.759374445126713482e+00,8.999999999999998579e+01,-1.887286936178966796e-06,0.000000000000000000e+00,2.558332872076199750e-19,-5.176524510486449175e-03,-8.426987552833945858e-27
3.299500000576070306e+04,0.000000000000000000e+00,3.242522626114294582e+01,1.000000937853008509e+03,1.094143234420873085e+02,6.699695049211268159e-15,2.632724321550134037e-27,4.613795949429070472e-07,4.858705632447158606e-23,-9.759488689444669518e+00,8.999999999999998579e+01,-1.949470719869400877e-06,0.000000000000000000e+00,2.558332872076199750e-19,-5.116699437067369002e-03,-8.704646429765691149e-27
3.399500000596442987e+04,0.000000000000000000e+00,3.340795777446871284e+01,1.000000937293283641e+03,1.094143235639793517e+02,6.699695056675002250e-15,0.000000000000000000e+00,-8.252977436214231557e-05,-5.032366354284230051e-21,-9.759344239781841068e+00,8.999999999999998579e+01,-2.025418125674545820e-06,0.000000000000000000e+00,2.558332872076199750e-19,-5.192341775795352062e-03,-9.043761712726188458e-27
3.499500000616815669e+04,0.000000000000000000e+00,3.439068928657577118e+01,1.000000984789803624e+03,1.094143235319680372e+02,6.699695054714876171e-15,-4.241705581397403883e-22,3.163941277695354101e-05,1.956729523623577412e-21,-9.759327958493168254e+00,8.999999999999998579e+01,-1.857576199803124418e-06,1.895758319773387158e-22,2.558332872076199750e-19,-5.200867538537690647e-03,-8.294325157505939552e-27
3.599500000637188350e+04,0.000000000000000000e+00,3.537342079913327098e+01,1.000001053856685758e+03,1.094143232700554478e+02,6.699695038677354479e-15,-3.220666649233161098e-27,1.500794473721936905e-04,9.209833049074236398e-21,-9.759460429719601038e+00,8.999999999999998579e+01,-1.928574076295609872e-06,0.000000000000000000e+00,2.558332872076199750e-19,-5.131497714305830252e-03,-8.611340132818143490e-27
3.699500000657561031e+04,0.000000000000000000e+00,3.635615231225567356e+01,1.000001123228110373e+03,1.094143233311200873e+02,6.699695042416484961e-15,0.000000000000000000e+00,6.409472088022404458e-05,3.944549142867230062e-21,-9.759377080315939423e+00,8.999999999999998579e+01,-1.906000664069100016e-06,0.000000000000000000e+00,2.558332872076199750e-19,-5.175144253291178408e-03,-8.510546840494017598e-27
3.799500000677933713e+04,0.000000000000000000e+00,3.733888382488825641e+01,1.000001106402836740e+03,1.094143235665706726e+02,6.699695056833675310e-15,-7.290965711981752802e-27,-3.112188676477330802e-05,-1.885599379605653067e-21,-9.759354134621844423e+00,8.999999999999998579e+01,-1.923950360175724663e-06,-1.895758319773387158e-22,2.558332872076199750e-19,-5.187159979762474490e-03,-8.590694624473238853e-27
3.899500000698306394e+04,0.000000000000000000e+00,3.832161533777248508e+01,1.000001086072996259e+03,1.094143235487188548e+02,6.699695055740565742e-15,-3.867745341498955447e-27,3.429923506603884336e-05,2.121835546218154697e-21,-9.759453695353311531e+00,8.999999999999998579e+01,-2.071542400093115235e-06,1.895758319773387158e-22,2.558332872076199750e-19,-5.135024153062846437e-03,-9.249712741664972965e-27
3.999500000718679075e+04,0.000000000000000000e+00,3.930434685035206854e+01,1.000001189578324556e+03,1.094143238162414065e+02,6.699695072121600071e-15,4.235123770506303645e-22,-1.513319801862758867e-04,-9.247821938043761839e-21,-9.759352115252472259e+00,8.999999999999998579e+01,-1.782314498847998499e-06,0.000000000000000000e+00,2.558332872076200231e-19,-5.188217289063039306e-03,-7.958271638035270865e-27
4.099500000739051757e+04,0.000000000000000000e+00,4.028707836314467272e+01,1.000001260342076421e+03,1.094143232349966297e+02,6.699695036530620197e-15,7.839445858743268565e-25,1.191606071368782387e-04,7.318428012036509725e-21,-9.759474778320958777e+00,8.999999999999998579e+01,-2.104045306615904672e-06,1.895758319773387158e-22,2.558332872076199750e-19,-5.123983612426732948e-03,-9.394842548610500972e-27
4.199500000759424438e+04,0.000000000000000000e+00,4.126980987565410430e+01,1.000001249478198588e+03,1.094143235163041936e+02,6.699695053755741217e-15,4.235118996848810727e-22,-2.969632772961640522e-06,-1.615426579544874588e-22,-9.759342716420098540e+00,8.999999999999998579e+01,-1.945979246968628739e-06,0.000000000000000000e+00,2.558332872076199750e-19,-5.193138994262888088e-03,-8.689056538206626503e-27
4.299500000779797119e+04,0.000000000000000000e+00,4.225254138874107923e+01,1.000001238827593625e+03,1.094143235273017893e+02,6.699695054429149174e-15,0.000000000000000000e+00,-4.800330188907577764e-05,-2.917975099500978406e-21,-9.759429280451259459e+00,8.999999999999998579e+01,-2.049379014296949973e-06,-1.895758319773387158e-22,2.558332872076199750e-19,-5.147808990573398726e-03,-9.150750271967025599e-27
4.399500000800169801e+04,0.000000000000000000e+00,4.323527290150880731e+01,1.000001335588283837e+03,1.094143233108628266e+02,6.699695041176085595e-15,8.489041253176337507e-25,1.109730108432932597e-04,6.816290386705738530e-21,-9.759548190058087158e+00,8.999999999999998579e+01,-2.028100090433790366e-06,0.000000000000000000e+00,2.558332872076199750e-19,-5.085540778432463827e-03,-9.055737042608484780e-27
4.499500000820542482e+04,0.000000000000000000e+00,4.421800441400192483e+01,1.000001387483440340e+03,1.094143235111661028e+02,6.699695053441123767e-15,4.235111343878473992e-22,-6.676326624834666380e-05,-4.067715254872629078e-21,-9.759429587864966393e+00,8.999999999999998579e+01,-1.951506144393576954e-06,0.000000000000000000e+00,2.558332872076199750e-19,-5.147647772457590934e-03,-8.713734871380559264e-27
4.599500000840915163e+04,0.000000000000000000e+00,4.520073592658715711e+01,1.000001384780742228e+03,1.094143235507180520e+02,6.699695055862981966e-15,0.000000000000000000e+00,-3.469563367433171533e-05,-2.105215597463362831e-21,-9.759346517944265997e+00,8.999999999999998579e+01,-1.848463667841160876e-06,0.000000000000000000e+00,2.558332872076199750e-19,-5.191148072025065195e-03,-8.253636488524983930e-27
4.699500000861287845e+04,0.000000000000000000e+00,4.618346743974358759e+01,1.000001382484100759e+03,1.094143237577526264e+02,6.699695068540193650e-15,4.235105913653854127e-22,-2.046872240791694725e-04,-1.251533876280904387e-20,-9.759218514607944428e+00,8.999999999999998579e+01,-1.739155143714046472e-06,0.000000000000000000e+00,2.558332872076200231e-19,-5.258178145356861601e-03,-7.765559368623544169e-27
4.799500000881660526e+04,0.000000000000000000e+00,4.716619895247655592e+01,1.000001484503969550e+03,1.094143234097603710e+02,6.699695047231814200e-15,-4.235103100088369135e-22,7.123875368443702901e-05,4.381893752046250004e-21,-9.759389161440358507e+00,8.999999999999998579e+01,-1.896291980663034393e-06,0.000000000000000000e+00,2.558332872076199750e-19,-5.168817274649358841e-03,-8.467196275908980399e-27
4.899500000902033207e+04,0.000000000000000000e+00,4.814893046496985818e+01,1.000001527746208012e+03,1.094143233252458316e+02,6.699695042056789631e-15,9.572137009089940179e-25,-2.177400063944090491e-05,-1.311995717189166623e-21,-9.759424980057714194e+00,8.999999999999998579e+01,-2.039416979282317544e-06,-1.895758319773387158e-22,2.558332872076199750e-19,-5.150060479086051787e-03,-9.106268458703820361e-27
4.999500000922405889e+04,0.000000000000000000e+00,4.913166197762586052e+01,1.000001516987569630e+03,1.094143234969620124e+02,6.699695052571374642e-15,0.000000000000000000e+00,2.596478985873923302e-05,1.611688477858568862e-21,-9.759487943136637256e+00,8.999999999999998579e+01,-2.089972685772737800e-06,0.000000000000000000e+00,2.558332872076199750e-19,-5.117089306308801253e-03,-9.332006422101186927e-27
5.099500000942778570e+04,0.000000000000000000e+00,5.011439349069604532e+01,1.000001520356163383e+03,1.094143229686484347e+02,6.699695020221497639e-15,4.235094265659788419e-22,1.831532281760864505e-04,1.123305166187272745e-20,-9.759231370477650103e+00,8.999999999999998579e+01,-1.740303692387170222e-06,0.000000000000000000e+00,2.558332872076200231e-19,-5.251445885261636984e-03,-7.770687791433397159e-27
5.199500000963151251e+04,0.000000000000000000e+00,5.109712500326573803e+01,1.000001623584888875e+03,1.094143233656607777e+02,6.699695044531491256e-15,-7.354664290018229772e-27,6.484775848608913306e-05,3.992439173394736635e-21,-9.759508178394700195e+00,8.999999999999998579e+01,-2.076614880128121282e-06,-1.895758319773387158e-22,2.558332872076199750e-19,-5.106492771798191999e-03,-9.272362040665336789e-27
5.299500000983523933e+04,0.000000000000000000e+00,5.207985651609711653e+01,1.000001685564406216e+03,1.094143234017487742e+02,6.699695046741244480e-15,0.000000000000000000e+00,3.386645139608650192e-05,2.094220700569920235e-21,-9.759336036823158977e+00,8.999999999999998579e+01,-1.965606240526641943e-06,0.000000000000000000e+00,2.558332872076199750e-19,-5.196636128022896241e-03,-8.776693678718922746e-27
5.399500001003896614e+04,0.000000000000000000e+00,5.306258802882441472e+01,1.000001649784855545e+03,1.094143231712378963e+02,6.699695032626523123e-15,0.000000000000000000e+00,1.604200185486940060e-04,9.844501752721851388e-21,-9.759412596387370797e+00,8.999999999999998579e+01,-2.071789359003922030e-06,0.000000000000000000e+00,2.558332872076199750e-19,-5.156545107200936721e-03,-9.250815446096152434e-27
5.499500001024269295e+04,0.000000000000000000e+00,5.404531954137448935e+01,1.000001675710082054e+03,1.094143233566896214e+02,6.699695043982167965e-15,8.470200068015723871e-22,8.997525201279009009e-05,5.527550008777172392e-21,-9.759274147019382895e+00,8.999999999999998579e+01,-1.740666145976869149e-06,0.000000000000000000e+00,2.558332872076200231e-19,-5.229045289524550909e-03,-7.772306194989484695e-27
5.599500001044641976e+04,0.000000000000000000e+00,5.502805105401786534e+01,1.000001744824461639e+03,1.094143235231034765e+02,6.699695054172076760e-15,-1.730133937882186483e-26,4.991418632974212414e-06,3.256030932975914819e-22,-9.759359399378677580e+00,8.999999999999998579e+01,-1.914510407731810000e-06,0.000000000000000000e+00,2.558332872076199750e-19,-5.184402013833638509e-03,-8.548543979428626838e-27
5.699500001065014658e+04,0.000000000000000000e+00,5.601078256719647896e+01,1.000001814080402255e+03,1.094143237314066539e+02,6.699695066926968365e-15,0.000000000000000000e+00,-5.110839010454874755e-05,-3.111215544335645019e-21,-9.759279520083682158e+00,8.999999999999998579e+01,-1.751785577324223660e-06,0.000000000000000000e+00,2.558332872076200231e-19,-5.226231386395979901e-03,-7.821955937041143587e-27
5.799500001085387339e+04,0.000000000000000000e+00,5.699351408005331621e+01,1.000001821160316467e+03,1.094143232159107271e+02,6.699695035361947221e-15,-4.234977975896631594e-22,1.198471093352831567e-04,7.357416925918832060e-21,-9.759329008570443165e+00,8.999999999999998579e+01,-1.811912822692281824e-06,0.000000000000000000e+00,2.558332872076199750e-19,-5.200316328376182115e-03,-8.090432096436743903e-27
5.899500001105760020e+04,0.000000000000000000e+00,5.797624559219062945e+01,1.000001840218901634e+03,1.094143236184169155e+02,6.699695060008341893e-15,0.000000000000000000e+00,-6.265631224853204816e-05,-3.817557541787120944e-21,-9.759260473234082411e+00,8.999999999999998579e+01,-1.825069266286237216e-06,0.000000000000000000e+00,2.558332872076199750e-19,-5.236205405795175960e-03,-8.149177369495377251e-27
5.999500001126132702e+04,0.000000000000000000e+00,5.895897710505546740e+01,1.000001858754083514e+03,1.094143236482301091e+02,6.699695061833874102e-15,4.235064220356117496e-22,-5.798642618297158709e-05,-3.532819823378079428e-21,-9.759209829464346342e+00,8.999999999999998579e+01,-1.709032277684966903e-06,0.000000000000000000e+00,2.558332872076200231e-19,-5.262725431657351571e-03,-7.631056759498999442e-27
6.099500001146505383e+04,0.000000000000000000e+00,5.994170861806716744e+01,1.000001877557486296e+03,1.094143232701701010e+02,6.699695038684375341e-15,0.000000000000000000e+00,6.103666650289473470e-05,3.755687749076292267e-21,-9.759295321686034086e+00,8.999999999999998579e+01,-1.751693552047195834e-06,0.000000000000000000e+00,2.558332872076200231e-19,-5.217956670141355759e-03,-7.821545031921634496e-27
